{
    "best_train_loss": 0.9496303200721741,
    "best_valid_loss": 1.1311066150665283,
    "epoch": 2,
    "epoch_step": 0,
    "global_step": 4,
    "eval_global_step": 20,
    "evaluations_done": 5,
    "additional_metrics": {
        "accuracy": 0.85,
        "test_metric": 0.5
    },
    "validation_loss": 1.1311066150665283,
    "best_accuracy": 0.85,
    "learning_rate": 0.00025,
    "train_loss": 1.131666660308838,
    "skip_batches": 0
}